date,ALLSKY_SFC_SW_DWN,kt,diffuse_fraction,rb,poa,T2M,f_temp,e_eff,PRECTOTCORR
2026-02-08 00:00:00+05:30,5.6359,0.6898938657045544,0.2602102469002614,1.149790964593017,6.251801609776539,21.28,0.93616,5.852686595008405,0.0
2026-02-09 00:00:00+05:30,5.4209,0.6604008342275745,0.31324294238494543,1.1474567470012234,5.958412324951513,20.95,0.93715,5.583926110328311,0.0
2026-02-10 00:00:00+05:30,5.3258,0.6456993842061991,0.3422441753659027,1.145110858253573,5.821201804517548,21.55,0.93535,5.4448611078554885,0.0
2026-02-11 00:00:00+05:30,5.2135,0.6290391189290779,0.3766723699548844,1.1427544139258603,5.662790655452497,21.72,0.93484,5.293803216343212,0.0
2026-02-12 00:00:00+05:30,5.202,0.6246204327824461,0.38603233108667667,1.140388503879523,5.63526043113653,22.9,0.9313,5.2481180395174505,0.0
2026-02-13 00:00:00+05:30,5.287,0.6317552312125521,0.37096258124158243,1.138014191504708,5.731499362313593,22.47,0.93259,5.3451389903000335,0.0
2026-02-14 00:00:00+05:30,5.2462,0.6238433083937276,0.38768712939937444,1.1356325134224603,5.666550361807269,22.83,0.9315100000000001,5.278448327527089,0.0
2026-02-15 00:00:00+05:30,5.153,0.6097905566038727,0.4180004959803081,1.1332308812732044,5.535786966524767,24.11,0.92767,5.13538349523603,0.0
2026-02-16 00:00:00+05:30,5.0306,0.5924206812398858,0.45625080429142195,1.1308248519530941,5.369974159185735,23.42,0.92974,4.992679774761346,0.0
2026-02-17 00:00:00+05:30,5.1787,0.60690720370652,0.4242995971811683,1.1284157010335867,5.544337621838585,22.99,0.93103,5.161944656060378,0.0
2026-02-18 00:00:00+05:30,5.5675,0.649314857093233,0.3349797341955143,1.126003769125623,6.020951432015372,23.31,0.93007,5.5999062983745365,0.0
2026-02-19 00:00:00+05:30,4.715,0.5472352219182677,0.5570645082462966,1.123590443396387,4.950595063931606,23.54,0.92938,4.600984040516756,0.0
2026-02-20 00:00:00+05:30,5.5932,0.6460330697443419,0.34157034200720604,1.1211762044575626,6.0259183938040914,24.16,0.92752,5.589159828621171,0.0
2026-02-21 00:00:00+05:30,5.1494,0.591914600608893,0.4573743913954522,1.1187620542801981,5.462262672694684,25.2,0.9244,5.0493156146389655,0.01
2026-02-22 00:00:00+05:30,4.9277,0.5637178567365281,0.5203299199570606,1.1163488109780553,5.181156046726091,26.13,0.92161,4.775005224223233,0.01
2026-02-23 00:00:00+05:30,4.9757,0.566493592311422,0.5141234163754498,1.1139372731374277,5.229725317140592,26.68,0.91996,4.811138102756659,0.02
2026-02-24 00:00:00+05:30,3.9869,0.4517609369013278,0.753986835849827,1.1115282195855059,4.068672688336746,26.35,0.9209499999999999,3.747044112323726,1.81
2026-02-25 00:00:00+05:30,4.2797,0.48264681839768697,0.6946322385542343,1.1091224074381512,4.395439858984091,25.7,0.9228999999999999,4.056551445856417,3.23
2026-02-26 00:00:00+05:30,5.2615,0.5905813921893946,0.46033622270807695,1.1067205690859099,5.54496143896384,24.77,0.92569,5.132915354434437,0.0
2026-02-27 00:00:00+05:30,5.8056,0.648609955025332,0.33638967253674057,1.104323408988206,6.19379594241151,24.85,0.92545,5.732048454904732,0.0
2026-02-28 00:00:00+05:30,5.8795,0.6538173022869842,0.3260500136648945,1.1019316013050726,6.270166068682167,25.59,0.92323,5.788805419589437,0.0
2026-03-01 00:00:00+05:30,6.6456,0.7356035965392451,0.19686515433351826,1.0995457894329121,7.171325761676824,27.37,0.91789,6.58248820338554,0.0
2026-03-02 00:00:00+05:30,6.3523,0.699921419196536,0.2441014408763964,1.097166588163271,6.810250817515048,27.91,0.91627,6.240028516564513,0.0
2026-03-03 00:00:00+05:30,6.187,0.6786141344481332,0.27957088091640614,1.0947940657482675,6.598738056555549,26.62,0.92014,6.0717628353590225,0.0
2026-03-04 00:00:00+05:30,5.8042,0.6337622217375938,0.366766112315952,1.092427479855126,6.128260074617272,26.51,0.92047,5.640879550882961,0.0
2026-03-05 00:00:00+05:30,5.6146,0.6103254561608056,0.4168345668963478,1.0900683235477127,5.891295680682317,26.35,0.9209499999999999,5.4255887571243795,0.0
2026-03-06 00:00:00+05:30,5.0033,0.54147218290203,0.5698254656462329,1.087716987243218,5.16750195833613,27.17,0.91849,4.746298873712153,0.0
2026-03-07 00:00:00+05:30,3.7927,0.40866179485137244,0.8269073830426528,1.0853738532197352,3.819452842901213,27.02,0.91894,3.5098479954556403,0.0
2026-03-08 00:00:00+05:30,3.9396,0.4226523809028331,0.8046270211594202,1.0830392985770796,3.974044961343311,27.75,0.91675,3.64320571831148,0.0
2026-03-09 00:00:00+05:30,3.8674,0.41312959801456517,0.8199446253248777,1.0807136966709177,3.8940278232035257,27.51,0.91747,3.5726537069545388,0.0
2026-03-10 00:00:00+05:30,3.8153,0.4058382398649926,0.8312326958502889,1.078397417842505,3.836130967388051,27.45,0.91765,3.520225582223645,0.0
2026-03-11 00:00:00+05:30,4.5252,0.4793367794739936,0.7012391002338827,1.0760903120042913,4.5993321686597435,28.8,0.9136,4.201949869287541,0.01
2026-03-12 00:00:00+05:30,5.1962,0.5481378212022505,0.5550610227554837,1.0737930467673202,5.342108460291009,29.42,0.91174,4.870613967585725,0.08
2026-03-13 00:00:00+05:30,5.4329,0.5707676471631119,0.5045631379424211,1.0715061100741525,5.602542026380425,29.04,0.91288,5.114448565042162,0.08
2026-03-14 00:00:00+05:30,5.1257,0.5363247820260086,0.5811709137947303,1.0692298700567944,5.248494538089022,28.87,0.9133899999999999,4.793922426145132,0.06
2026-03-15 00:00:00+05:30,4.5024,0.4692341558765923,0.7210546714708799,1.0669647022906943,4.55693418336658,28.7,0.9138999999999999,4.164582150178717,0.89
2026-03-16 00:00:00+05:30,3.4397,0.35707648671898,0.896355373142223,1.0647105998223871,3.433592097808638,28.01,0.91597,3.145067353829778,3.8
2026-03-17 00:00:00+05:30,4.6454,0.48037862182957847,0.6991654847672456,1.0624682441408746,4.7033027101785505,27.59,0.91723,4.3140103448570715,0.98
2026-03-18 00:00:00+05:30,5.2042,0.5361169511662869,0.5816278354678011,1.060238516525731,5.309107724213702,27.75,0.91675,4.867124506172911,0.16
2026-03-19 00:00:00+05:30,4.6282,0.474994083669735,0.7098227901108252,1.0580218145151672,4.67629665564558,28.19,0.91543,4.280822247477634,0.1
2026-03-20 00:00:00+05:30,5.2562,0.5374577829523264,0.5786783362748074,1.0558185396199258,5.353470968660019,28.32,0.91504,4.898640075162663,0.69
2026-03-21 00:00:00+05:30,5.9981,0.6110950486338037,0.4151585779427487,1.0536284296411018,6.16688152863339,27.74,0.91678,5.653673647820519,3.32
2026-03-22 00:00:00+05:30,5.5622,0.5646648399872495,0.5182128033301501,1.0514514792801113,5.67587863824474,26.4,0.9208000000000001,5.226349050095757,0.15
2026-03-23 00:00:00+05:30,6.2518,0.6324483579906695,0.3695110870780858,1.04928841905796,6.429035990540138,27.72,0.91684,5.894397357566819,0.02
2026-03-24 00:00:00+05:30,5.8159,0.5863268463196404,0.46980442678458845,1.0471395134515107,5.939029165405252,28.65,0.91405,5.4285696086386706,0.07
2026-03-25 00:00:00+05:30,4.7791,0.4801744511430142,0.6995722835461322,1.0450050199879237,4.813453283910205,29.86,0.91042,4.382264138737528,0.24
2026-03-26 00:00:00+05:30,4.9015,0.49083942085634974,0.678051194288201,1.0428851849144531,4.939287895210086,30.68,0.90796,4.484675837334949,1.06
2026-03-27 00:00:00+05:30,5.7238,0.5713206958875775,0.5033259854234211,1.0407802393824779,5.815759652416179,30.65,0.90805,5.281000552376511,2.38
2026-03-28 00:00:00+05:30,5.8757,0.5846122589867027,0.4736262517277061,1.0386902862222132,5.972659390988942,31.06,0.90682,5.416126988936592,1.95
2026-03-29 00:00:00+05:30,5.9935,0.5944693209566151,0.45170672878929174,1.036615662512478,6.092104027750375,31.46,0.90562,5.517131249611295,0.05
2026-03-30 00:00:00+05:30,5.3189,0.5259437746629613,0.6038676828413565,1.0345564765578397,5.363589941566926,31.1,0.9067,4.8631670000187315,0.05
2026-03-31 00:00:00+05:30,2.8975,0.2856521416372336,0.9576587726655216,1.0325128844439642,2.874969644004108,31.54,0.90538,2.6029400162884393,0.82
2026-04-01 00:00:00+05:30,7.3524,0.7227161234647058,0.2119308097378343,1.0304850347271182,7.521651235228121,31.33,0.90601,6.81469123562903,1.97
2026-04-02 00:00:00+05:30,7.0205,0.6881122486262503,0.2631843763138355,1.0284730745996302,7.156802622351465,31.94,0.90418,6.471037795077748,0.0
2026-04-03 00:00:00+05:30,5.6402,0.551272619139849,0.5480937756226434,1.0264770626140642,5.681304149524602,32.71,0.90187,5.123797773331753,0.12
2026-04-04 00:00:00+05:30,4.6627,0.45448346181750854,0.7489735718145408,1.0244973825928343,4.659329798773476,32.57,0.90229,4.20406668413532,1.1
2026-04-05 00:00:00+05:30,3.4687,0.33719724273780266,0.9175185668443155,1.022534256059494,3.4449214047448122,28.92,0.91324,3.1460400236691526,2.41
2026-04-06 00:00:00+05:30,4.2756,0.4145518984455674,0.8176978153214285,1.0205878363421568,4.259053521760498,29.69,0.91093,3.8796996245772903,5.4
2026-04-07 00:00:00+05:30,4.8845,0.47238307729333867,0.7149362778803199,1.018658154026649,4.87872832969922,29.33,0.91201,4.4494490239689855,5.23
2026-04-08 00:00:00+05:30,5.081,0.49016634636803413,0.6794253057642287,1.0167450376775173,5.077217920878042,30.14,0.90958,4.61813587647225,5.0
2026-04-09 00:00:00+05:30,4.7402,0.45618248951891227,0.7458223317219373,1.0148490040907703,4.725678044177849,29.73,0.91081,4.304194819417627,9.1
2026-04-10 00:00:00+05:30,5.1504,0.4944905267547869,0.6705616679930957,1.0129702605711095,5.141424677655827,30.19,0.90943,4.675765844600539,0.58
2026-04-11 00:00:00+05:30,6.2263,0.5964161362874411,0.44739528596793465,1.011109025932433,6.242249998914034,31.24,0.90628,5.657226329015811,0.7
2026-04-12 00:00:00+05:30,6.8726,0.6568554459917786,0.32010167259859434,1.009265530623174,6.90086884532316,31.29,0.90613,6.253084286812675,0.0
2026-04-13 00:00:00+05:30,6.5734,0.6268953633626271,0.3812027701282421,1.0074400162932284,6.584902844335545,31.98,0.90406,5.953147265449993,0.0
2026-04-14 00:00:00+05:30,5.5075,0.5241340913093933,0.6077954519699845,1.005632734215516,5.490313479939725,32.45,0.90265,4.955831462667592,0.0
2026-04-15 00:00:00+05:30,5.4679,0.5192993517267515,0.6182417025500332,1.0038438944513728,5.446157170651128,32.52,0.90244,4.914830077082405,0.0
2026-04-16 00:00:00+05:30,5.8409,0.5536208775193857,0.5428663752691238,1.0020626727239728,5.819420642942993,32.58,0.9022600000000001,5.250630469301745,0.08
2026-04-17 00:00:00+05:30,5.5301,0.5231509692648126,0.6099253043269536,1.000299785612301,5.501143937960811,32.66,0.90202,4.962141854919411,0.29
2026-04-18 00:00:00+05:30,5.6198,0.5306423148260405,0.5936282148793945,0.9985555110208472,5.587418959712307,32.82,0.90154,5.037281688939034,0.12
2026-04-19 00:00:00+05:30,5.4329,0.512064904831181,0.6337337949601759,0.9968301306431363,5.396096589956888,32.58,0.9022600000000001,4.868682109254502,0.94
2026-04-20 00:00:00+05:30,5.3184,0.5003934120700376,0.6583302428824381,0.9951239328744953,5.278257204110487,33.49,0.8995299999999999,4.7479507028135055,1.57
2026-04-21 00:00:00+05:30,5.2538,0.4934760600928986,0.672648615873562,0.9934372130592881,5.210788786504346,33.89,0.89833,4.681007890580449,0.45
2026-04-22 00:00:00+05:30,6.0703,0.5692316275823485,0.5079991652384384,0.9917702698610299,6.019986983541776,34.24,0.89728,5.401613920592365,0.01
2026-04-23 00:00:00+05:30,6.3655,0.5959663071903807,0.4483908663850904,0.9901233989987988,6.307980785113328,34.14,0.89758,5.661917393102021,0.0
2026-04-24 00:00:00+05:30,5.8678,0.5485275594235627,0.5541955549182356,0.9884968871389875,5.809871633990822,33.45,0.89965,5.226851015519842,0.0
2026-04-25 00:00:00+05:30,5.437,0.5075043015833944,0.6434064350026033,0.9868910083761048,5.380490946889806,31.58,0.90526,4.870743234581465,0.02
2026-04-26 00:00:00+05:30,5.6575,0.5273331903917255,0.6008458749653453,0.9853060240626396,5.594594375565349,32.75,0.90175,5.044925478166054,0.19
2026-04-27 00:00:00+05:30,5.8027,0.5401238208867799,0.5728025453381711,0.9837419805374001,5.733689675337423,33.04,0.90088,5.165366354717978,0.21
2026-04-28 00:00:00+05:30,4.1818,0.3887328719262886,0.8561665479369251,0.9821991133084814,4.13745675463072,33.11,0.90067,3.7264831751932506,1.19
2026-04-29 00:00:00+05:30,6.2054,0.5761085370578307,0.49261777263015327,0.9806777285323673,6.119299620108875,33.56,0.89932,5.503208534356314,2.99
2026-04-30 00:00:00+05:30,5.9059,0.5476315454105931,0.5561849452675018,0.9791780116757071,5.823176320468802,30.53,0.9084099999999999,5.289831601277064,16.9
2026-05-01 00:00:00+05:30,7.2353,0.6701123969975792,0.29494525759915824,0.9777001175973451,7.107711817902745,29.93,0.91021,6.469510373773257,20.61
2026-05-02 00:00:00+05:30,7.0982,0.6566721007752051,0.3204588171878071,0.9762443724179265,6.968067419449903,31.84,0.90448,6.302477619544048,1.27
2026-05-03 00:00:00+05:30,3.8114,0.3522201068925573,0.9018183888032343,0.9748110280991934,3.7694159134406147,32.39,0.90283,3.40314176913159,4.75
2026-05-04 00:00:00+05:30,6.9257,0.6393551961632776,0.35517941355934557,0.9734003496017832,6.789113980583484,31.33,0.90601,6.151005157548442,0.53
2026-05-05 00:00:00+05:30,4.915,0.45328374824291484,0.7511882652257506,0.9720126146562557,4.846877712250257,29.2,0.9124,4.422291224657134,9.33
2026-05-06 00:00:00+05:30,6.6562,0.6132814770774877,0.4104070455977522,0.9706481130938726,6.519889603353746,30.24,0.90928,5.928405218537494,1.05
2026-05-07 00:00:00+05:30,6.6967,0.6164523384566942,0.4035438160159166,0.9693071252441019,6.553357060888066,31.42,0.90574,5.935637624328757,0.68
2026-05-08 00:00:00+05:30,6.9674,0.6408146844567275,0.3521833413834572,0.96798999365712,6.80524423776322,31.21,0.90637,6.16806921978145,2.06
2026-05-09 00:00:00+05:30,6.81,0.625819807916578,0.3834833618446727,0.9666970234707631,6.65057305848576,30.71,0.90787,6.0378557626074665,0.32
2026-05-10 00:00:00+05:30,6.0655,0.5569629033872258,0.535416331283767,0.9654285411008012,5.940549141319851,30.12,0.90964,5.403761120910189,0.83
2026-05-11 00:00:00+05:30,6.8268,0.6263987119356702,0.38225524056261095,0.9641848794805772,6.656197884861519,30.62,0.90814,6.044759547158139,0.64
2026-05-12 00:00:00+05:30,6.0206,0.5520311233084467,0.5464060136948303,0.9629663761314677,5.89141462328863,30.79,0.90763,5.347224654535459,1.25
2026-05-13 00:00:00+05:30,6.8369,0.6264534248496074,0.38213924410547384,0.9617733697769068,6.655838921806397,31.57,0.90529,6.025464417522113,1.62
2026-05-14 00:00:00+05:30,6.9226,0.6338985891672527,0.3664816959231121,0.9606061961322893,6.731191466601363,32.19,0.90343,6.081160306671669,4.03
2026-05-15 00:00:00+05:30,6.7202,0.6149906458057841,0.4067034019981868,0.9594651848268939,6.537533226844392,32.82,0.90154,5.893847705329293,0.16
2026-05-16 00:00:00+05:30,6.6605,0.6091766535166824,0.41933966866207073,0.9583563813818236,6.477659668142253,32.15,0.90355,5.852889393149932,0.11
2026-05-17 00:00:00+05:30,6.5347,0.5973461765740222,0.44533810528271056,0.9572802864092562,6.356631343793146,33.62,0.89914,5.715501506458169,0.43
2026-05-18 00:00:00+05:30,6.3298,0.5783196091446253,0.4876752136567002,0.9562315161598781,6.162433935962841,34.89,0.89533,5.51741197588561,0.1
2026-05-19 00:00:00+05:30,6.4567,0.5896293475801729,0.4624528563433219,0.9552103851817407,6.277085984097661,35.06,0.89482,5.616862080290268,0.62
2026-05-20 00:00:00+05:30,5.7662,0.5263339405193165,0.6030196556203872,0.9542172120585978,5.630968562916041,35.65,0.89305,5.02873647511217,0.75
2026-05-21 00:00:00+05:30,5.6311,0.5137837096963801,0.6300690649071933,0.9532523116248066,5.502336268817257,35.68,0.89296,4.913366194603058,0.09
2026-05-22 00:00:00+05:30,4.8151,0.43915682314973997,0.7765953613200436,0.9523162117386993,4.729261831120494,34.33,0.89701,4.242195155133395,0.51
2026-05-23 00:00:00+05:30,5.7946,0.5282949223159409,0.5987511629335969,0.951408990769883,5.65131103427803,32.75,0.90175,5.096069725160214,0.47
2026-05-24 00:00:00+05:30,6.3012,0.5742829379208801,0.4967001516330889,0.950530851684394,6.118378773341646,32.04,0.90388,5.5302802056480465,0.85
2026-05-25 00:00:00+05:30,6.4363,0.5864071285618623,0.46962555605593037,0.9496820413693146,6.2399449771130815,32.93,0.90121,5.62350081282408,0.13
2026-05-26 00:00:00+05:30,5.0882,0.46344447676155515,0.7321615995797459,0.948862793414522,4.984476496229462,33.62,0.89914,4.481742196819758,0.24
2026-05-27 00:00:00+05:30,5.6746,0.5167128452728216,0.6238004873518371,0.9480733316969256,5.532511352613064,33.74,0.89878,4.97251055350157,2.68
2026-05-28 00:00:00+05:30,6.7121,0.6110298445190934,0.415300507385832,0.947313873283419,6.483673384202592,32.92,0.90124,5.843345800778744,8.54
2026-05-29 00:00:00+05:30,5.405,0.49192499153627434,0.6758306074824231,0.9465846306659603,5.278583838638618,31.93,0.90421,4.772948292735425,5.55
2026-05-30 00:00:00+05:30,5.6544,0.5145146479959205,0.6285075102776794,0.9458858134107063,5.509313363200382,30.08,0.90976,5.0121529253051795,7.1
2026-05-31 00:00:00+05:30,6.2213,0.5659901859059157,0.515249222505094,0.945217629283254,6.029221289957705,30.03,0.90991,5.486048743945415,2.05
2026-06-01 00:00:00+05:30,6.1303,0.5576147086699458,0.5339620748920666,0.9445802848757445,5.944240973108049,32.69,0.90193,5.361289260875343,0.01
2026-06-02 00:00:00+05:30,5.4271,0.49357475748145924,0.6724457766574808,0.9439742644444163,5.2947460607109775,31.86,0.90442,4.788674232228223,1.0
2026-06-03 00:00:00+05:30,5.6242,0.5114298695442844,0.6350851562384017,0.9433995971079393,5.476383367169244,33.36,0.89992,4.928306919782946,0.51
2026-06-04 00:00:00+05:30,5.1439,0.4676978508727965,0.7240201106875924,0.9428564260164657,5.028830331837815,34.19,0.89743,4.51302320470121,0.49
2026-06-05 00:00:00+05:30,6.433,0.5848452534392745,0.47310672348232785,0.9423449444202044,6.212758681755328,34.56,0.89632,5.5686198616309355,1.43
2026-06-06 00:00:00+05:30,6.2719,0.5701483636512366,0.5059484632537643,0.9418653399696403,6.065313222025109,31.94,0.90418,5.484134909090663,3.44
2026-06-07 00:00:00+05:30,6.1706,0.5608981691606123,0.5266310839529025,0.9414189182103284,5.972070845185087,31.43,0.90571,5.408964285192585,6.48
2026-06-08 00:00:00+05:30,5.861,0.5327243140139302,0.5890728465721528,0.941005040048716,5.688875239077863,32.75,0.90175,5.129943246838463,9.09
2026-06-09 00:00:00+05:30,3.9084,0.35523034035784784,0.8984543825543305,0.9406235806712653,3.8515915500186875,33.45,0.89965,3.465084337974312,1.81
2026-06-10 00:00:00+05:30,2.9683,0.2697770267672412,0.9658520290221251,0.9402747300831661,2.9348132870649746,34.47,0.89659,2.6313242450495857,0.61
2026-06-11 00:00:00+05:30,6.0919,0.5536582114537685,0.5427832150623353,0.9399586130612513,5.896524581261417,33.28,0.90016,5.307815567068277,1.95
2026-06-12 00:00:00+05:30,5.4283,0.4933443231507746,0.6729192893839586,0.9396753319312231,5.288399996809406,32.56,0.90232,4.771829085121063,1.46
2026-06-13 00:00:00+05:30,6.0005,0.5453513488407637,0.5612420617521405,0.939424966805584,5.812091047400831,32.61,0.90217,5.243494180233609,2.68
2026-06-14 00:00:00+05:30,5.6374,0.5123605179204258,0.6331042414784658,0.9392075793313955,5.480055877807113,31.75,0.9047499999999999,4.958080555445986,3.28
2026-06-15 00:00:00+05:30,5.6906,0.5172110324576429,0.6227314886833694,0.9390232189155636,5.528431762120616,30.88,0.90736,5.016277843677762,3.84
2026-06-16 00:00:00+05:30,6.0679,0.5515260059934355,0.547530039616076,0.9388761157053016,5.871736928391479,31.96,0.90412,5.308754791697304,0.5
2026-06-17 00:00:00+05:30,5.8706,0.5336208273690306,0.587108068322447,0.9387621017445427,5.692202151860139,32.5,0.9025,5.137212442053775,1.44
2026-06-18 00:00:00+05:30,5.5399,0.5035929729601407,0.6516399132968331,0.9386812006750228,5.389381880527181,31.73,0.90481,4.876366619319799,4.75
2026-06-19 00:00:00+05:30,5.0906,0.4627845421132195,0.7334156382925829,0.9386334232259311,4.973202255461545,29.46,0.91162,4.533670640123853,29.66
2026-06-20 00:00:00+05:30,4.1347,0.37591584673358,0.8733857260364254,0.9386187594809956,4.068530807982121,29.41,0.91177,3.7095643347938587,6.21
2026-06-21 00:00:00+05:30,3.0859,0.28058846848203056,0.96047871832237,0.9386371761905883,3.050077713402478,29.6,0.9112,2.779230812452338,2.3
2026-06-22 00:00:00+05:30,0.6636,0.060344854367175876,0.9945689631069542,0.9386886178912996,0.657037859037008,28.3,0.9151,0.601255344804766,3.44
2026-06-23 00:00:00+05:30,3.0684,0.2790591590531215,0.961292075848598,0.9387730104206998,3.032922868195648,30.36,0.90892,2.756684253360388,0.48
2026-06-24 00:00:00+05:30,6.3818,0.5804736194245124,0.4828628043439025,0.9388902647459436,6.154819613519684,30.81,0.90757,5.585929636642059,0.13
2026-06-25 00:00:00+05:30,4.4294,0.4029431335385148,0.8356067162661737,0.9390402797780798,4.350378483362211,30.83,0.90751,3.9480119774360403,0.47
2026-06-26 00:00:00+05:30,5.837,0.5310711601198227,0.5926907849138883,0.93922294408285,5.662358309388591,30.64,0.90808,5.141874333589592,1.94
2026-06-27 00:00:00+05:30,4.1028,0.3733465944690548,0.8766834519852095,0.9394381371000384,4.0382385265764364,31.28,0.90616,3.6592902232425035,0.44
2026-06-28 00:00:00+05:30,5.7533,0.5236274605541122,0.6088933764612738,0.939685730377638,5.5868509499130905,31.44,0.90568,5.059899168317288,1.2
2026-06-29 00:00:00+05:30,1.9985,0.18192312083862766,0.9836269191245235,0.9399655888272108,1.9776774118699647,30.04,0.90988,1.7994491235122436,23.0
2026-06-30 00:00:00+05:30,1.0063,0.09162088254630714,0.9917541205708323,0.9402775716930238,0.9962194667366108,28.86,0.91342,0.9099667853065551,15.93
2026-07-01 00:00:00+05:30,3.0694,0.2795173393372202,0.9610502508049992,0.9406215329988658,3.0340949651847517,29.03,0.91291,2.7698556346668117,31.75
2026-07-02 00:00:00+05:30,1.4585,0.13284802595894912,0.9880436776636946,0.9409973214528854,1.4436380694188422,28.75,0.91375,1.319124285931467,27.79
2026-07-03 00:00:00+05:30,1.5163,0.13814414907138492,0.9875670265835753,0.9414047799150603,1.5008220290977534,28.8,0.9136,1.3711510057837075,41.74
2026-07-04 00:00:00+05:30,0.3946,0.035959079645087696,0.996763682831942,0.9418437444815925,0.39074558385130215,28.05,0.91585,0.3578643429702151,35.97
2026-07-05 00:00:00+05:30,0.7982,0.07275669180431489,0.9934518977376117,0.9423140431386532,0.7902808635586521,27.75,0.91675,0.7244899816673943,48.04
2026-07-06 00:00:00+05:30,3.2076,0.292453585617118,0.9535616230686718,0.942815493876454,3.16986830723531,28.22,0.91534,2.901507256344769,14.34
2026-07-07 00:00:00+05:30,4.1503,0.3785103425576877,0.8700031361025982,0.9433479021324044,4.085724324173302,29.0,0.913,3.730266307970225,0.79
2026-07-08 00:00:00+05:30,4.8262,0.44028236619116684,0.7746175923568691,0.9439110575729986,4.730670470441186,28.72,0.91384,4.3230759027079735,0.29
2026-07-09 00:00:00+05:30,1.4592,0.13316035353313813,0.9880155681820175,0.9445047306455848,1.4443903009971122,28.19,0.91543,1.3222382132417863,0.96
2026-07-10 00:00:00+05:30,3.4198,0.3121775244155609,0.9396376222139085,0.9451286699997168,3.377846959762974,28.2,0.9154,3.092081106967026,8.83
2026-07-11 00:00:00+05:30,4.8943,0.4469297151533048,0.7627711281910504,0.945782602333439,4.796976953418428,28.74,0.91378,4.383381600494691,3.76
2026-07-12 00:00:00+05:30,5.6093,0.5124036438789502,0.6330123724442862,0.9464662367766747,5.467656736621317,28.73,0.91381,4.996399402491925,0.27
2026-07-13 00:00:00+05:30,5.069,0.4632209385067089,0.732586655715929,0.9471792669278444,4.963472478448557,28.54,0.91438,4.538499964843791,5.87
2026-07-14 00:00:00+05:30,0.9238,0.08445277736430204,0.9923992500372129,0.947921385354792,0.9146286568869252,28.79,0.9136299999999999,0.8356321797916014,30.87
2026-07-15 00:00:00+05:30,2.3254,0.2126727128539975,0.9808594558431403,0.9486922830843684,2.3012437915596253,27.31,0.9180699999999999,2.112702887717145,69.01
2026-07-16 00:00:00+05:30,2.1425,0.19602948666436376,0.9823573462002073,0.9494676176734452,2.1204026538334073,27.64,0.91708,1.9445788657775411,28.47
2026-07-17 00:00:00+05:30,2.0755,0.18998461943634679,0.9829013842507288,0.9502476785147642,2.054166083658095,28.48,0.91456,1.8786581334703476,12.81
2026-07-18 00:00:00+05:30,1.8799,0.1721609222404707,0.9845055169983576,0.9510564113707325,1.8607172833379226,27.75,0.91675,1.7058125695000406,9.55
2026-07-19 00:00:00+05:30,4.9394,0.452571800144812,0.7524984153271755,0.9518935235201649,4.846454158750448,27.92,0.9162399999999999,4.44051515841351,1.86
2026-07-20 00:00:00+05:30,2.5284,0.2317833384264641,0.9780851353771007,0.9527587126366542,2.502077090784942,28.12,0.91564,2.2910018674063246,9.29
2026-07-21 00:00:00+05:30,3.1015,0.28447322428182903,0.9583327770976222,0.9536516700269766,3.067101271322987,27.45,0.91765,2.8145254816295386,25.39
2026-07-22 00:00:00+05:30,2.909,0.26696658801704837,0.9671065528293196,0.9545720843110127,2.8777284360261635,27.5,0.9175,2.6403158400540048,14.29
2026-07-23 00:00:00+05:30,3.5628,0.3271590880275022,0.9269967607379281,0.9555196440326228,3.519816179772583,27.01,0.91897,3.2346054747256106,6.86
2026-07-24 00:00:00+05:30,3.8405,0.35287494691479127,0.9010927709697745,0.9564940390384671,3.791197851649669,27.31,0.9180699999999999,3.480585011664011,6.6
2026-07-25 00:00:00+05:30,0.9629,0.08853016970873076,0.9920322847262142,0.9574949613647504,0.9533993864660901,27.87,0.91639,0.8736856637636604,37.12
2026-07-26 00:00:00+05:30,2.9033,0.2671105327578434,0.9670437082977928,0.95852210628542,2.872461361607589,27.93,0.91621,2.631777824118489,21.94
2026-07-27 00:00:00+05:30,3.3974,0.31278585577650664,0.9391592858011178,0.9595751735471816,3.3586364365278616,28.35,0.91495,3.072984407601167,23.31
2026-07-28 00:00:00+05:30,1.3116,0.12084144068760061,0.9891242703381159,0.9606538618804767,1.298583493719712,27.3,0.9181,1.1922295055840677,51.81
2026-07-29 00:00:00+05:30,5.6398,0.520002462027995,0.6167269389367704,0.9617578748664423,5.526527357607446,27.75,0.91675,5.066443955086625,21.14
2026-07-30 00:00:00+05:30,4.5725,0.4219258961089482,0.8058181358361193,0.9628869517541354,4.505283944752109,28.07,0.91579,4.125893983764533,2.42
2026-07-31 00:00:00+05:30,5.2358,0.4835264804280619,0.6928672929642283,0.9640407879697802,5.145202269043519,27.98,0.91606,4.713313990580006,1.32
2026-08-01 00:00:00+05:30,4.5338,0.4190527699920394,0.810492551930353,0.965219151416139,4.469711611741117,28.04,0.91588,4.093719470961454,6.43
2026-08-02 00:00:00+05:30,3.1339,0.2899181819180449,0.9551306588748921,0.9664217757046727,3.100582139275853,29.06,0.91282,2.830273388373784,7.37
2026-08-03 00:00:00+05:30,4.7719,0.44185609847831764,0.7718385242447392,0.9676483948459564,4.702690711036416,28.45,0.91465,4.301316058849458,10.24
2026-08-04 00:00:00+05:30,4.5782,0.42432551515946365,0.8018698374012952,0.9688987401207171,4.515879968328394,28.29,0.91513,4.1326172354163635,11.65
2026-08-05 00:00:00+05:30,3.8666,0.3587274329895932,0.8944552177155431,0.9701725360939863,3.8217088300668154,27.62,0.91714,3.505042036407479,47.11
2026-08-06 00:00:00+05:30,3.9466,0.3665269620244414,0.8851845809880561,0.9714694969988705,3.900676173902171,28.62,0.91414,3.5657641176109305,9.15
2026-08-07 00:00:00+05:30,2.8956,0.2692066575657941,0.9661113315385211,0.9727893241097928,2.8661606812327265,28.37,0.91489,2.6222217456530093,5.45
2026-08-08 00:00:00+05:30,4.5048,0.4192803580226931,0.8101243972697689,0.9741317049897931,4.448705351770714,28.26,0.9152199999999999,4.071544112047593,8.32
2026-08-09 00:00:00+05:30,1.4035,0.13077989356050218,0.9882298095795548,0.9754963155404182,1.389780976609044,28.44,0.91468,1.2712048636847606,10.75
2026-08-10 00:00:00+05:30,3.1798,0.29665121391877225,0.9508541882960696,0.9768828250378333,3.147320915282881,26.45,0.92065,2.8975810006551845,62.03
2026-08-11 00:00:00+05:30,4.2643,0.39831847990000546,0.8424646878674469,0.9782909028686028,4.216054806577049,28.16,0.91552,3.8598824965174203,0.96
2026-08-12 00:00:00+05:30,1.8775,0.1755973922700879,0.9841962346956921,0.979720224495238,1.8591701976909676,28.22,0.91534,1.7017728487544503,2.85
2026-08-13 00:00:00+05:30,2.707,0.253513575616118,0.9723189311261692,0.9811704743854007,2.680379827095215,27.22,0.91834,2.46150001041462,8.52
2026-08-14 00:00:00+05:30,1.8499,0.17348259341955227,0.9843865665922403,0.982641345371726,1.8319273180368825,26.89,0.91933,1.6841457412908472,10.53
2026-08-15 00:00:00+05:30,1.3123,0.1232411401775453,0.988908297384021,0.9841325375026962,1.2996102391848756,27.69,0.91693,1.191651616615788,11.44
2026-08-16 00:00:00+05:30,1.0747,0.10107537937411039,0.99090321585633,0.9856377236020014,1.064333107498689,26.81,0.91957,0.9787287956625694,15.61
2026-08-17 00:00:00+05:30,1.9802,0.186519288669219,0.9832132640197703,0.9871571260511448,1.9610965543959316,26.34,0.92098,1.806130704667565,6.04
2026-08-18 00:00:00+05:30,1.7146,0.16175416179391547,0.9854421254385476,0.9886963682253751,1.6981046044780859,26.61,0.92017,1.5625449139026004,3.1
2026-08-19 00:00:00+05:30,4.7366,0.4475680319162318,0.7616188309234327,0.9902551944895472,4.692391258575882,27.8,0.9166,4.301045827610653,5.9
2026-08-20 00:00:00+05:30,5.173,0.4896171756147517,0.6805449225359873,0.9918333598467859,5.127821602484015,28.49,0.9145300000000001,4.689546690119706,3.69
2026-08-21 00:00:00+05:30,2.7708,0.26270214894196453,0.9688997817193291,0.9934306300311254,2.74453404256789,28.7,0.9138999999999999,2.5082296615027944,4.27
2026-08-22 00:00:00+05:30,1.559,0.14807155749019968,0.986673559825882,0.9950467808849525,1.5441342223661485,28.39,0.91483,1.4126203106472237,10.93
2026-08-23 00:00:00+05:30,2.2526,0.21433832043010148,0.9807095511612909,0.9966815976219376,2.2312717122554266,27.73,0.91681,2.0456522185128976,20.38
2026-08-24 00:00:00+05:30,3.4949,0.33316867370201214,0.921419858595727,0.9983348023672708,3.4638396884502654,26.89,0.91933,3.1844117407829824,36.1
2026-08-25 00:00:00+05:30,3.4668,0.33112777518212094,0.9233464050730585,1.0000063080162092,3.4363717588920135,28.44,0.91468,3.143180520423347,5.94
2026-08-26 00:00:00+05:30,2.8783,0.2754636801198436,0.9631348334252131,1.0016959136520787,2.8519643051761023,28.33,0.91501,2.6095758588791855,5.01
2026-08-27 00:00:00+05:30,4.1798,0.4008386406820107,0.8387472761292328,1.003403427983587,4.149269218550774,29.11,0.91267,3.786913537694735,7.52
2026-08-28 00:00:00+05:30,3.6617,0.3518902420215066,0.902182604265674,1.005128667108263,3.6322430500118164,28.14,0.91558,3.3256090917298184,8.32
2026-08-29 00:00:00+05:30,,,,1.0068714582286948,,27.6,0.9172,,8.33
2026-08-30 00:00:00+05:30,,,,1.0086316375589743,,27.47,0.91759,,27.44
2026-08-31 00:00:00+05:30,,,,1.010409046521963,,,,,
2026-09-01 00:00:00+05:30,,,,1.0122035267641485,,,,,
